input_data,system_content,model_output
"today_total_usage: 164.39, dod: -89, wow: -29.08, mom: 3.18, qoq: 0, yoy: 0, current_usage_pattern: 0.3, today_usage_anomaly: true, today_update_anomaly: updated","Offer a direct and professional recommendation based on the provided data. Craft the output as a concise suggestion, maintaining an expert tone with a maximum of 3 sentences and short 1 paragraph","Based on the data, I recommend further analysis of the anomalous total usage decrease of 89 from the previous day, especially with a notable 29.08 drop compared to last week. Maintain a close watch on the current usage pattern at 0.3 and the updated anomaly to leverage these insights effectively for decision-making and operational improvements."
"today_total_usage: 0.0, dod: -100.0, wow: nan, mom: 1064.35, qoq: nan, yoy: nan, current_usage_pattern: 1.94, today_usage_anomaly: True, today_update_anomaly: update'","Offer a direct and professional recommendation based on the provided data. Craft the output as a concise suggestion, maintaining an expert tone with a maximum of 3 sentences and short 1 paragraph","I recommend conducting a thorough review to validate the anomalous ""today_total_usage"" at 0.0 and the negative ""dod"" of -100.0, ensuring data accuracy. Additionally, consider updating the ""today_update_anomaly"" with a more detailed 'update' description for precise monitoring and effective decision-making based on the provided ""current_usage_pattern"" and ""today_usage_anomaly"" data."
"today_total_usage: nan, dod: nan, wow: nan, mom: nan, qoq: nan, yoy: nan, current_usage_pattern: nan, today_usage_anomaly: False, today_update_anomaly: update","Offer a direct and professional recommendation based on the provided data. Craft the output as a concise suggestion, maintaining an expert tone with a maximum of 3 sentences and short 1 paragraph","I recommend conducting a detailed review to rectify the missing data, indicated by the ""nan"" values in today's total usage and related fields. Addressing these gaps will enhance the accuracy of your analysis, enabling more precise insights and strategic decisions."
"today_total_usage: 38768900000000000.0, dod: 1.0, wow: nan, mom: 23578768333057100.0, qoq: nan, yoy: nan, current_usage_pattern: 14691943127962000.0, today_usage_anomaly: True, today_update_anomaly: update","Offer a direct and professional recommendation based on the provided data. Craft the output as a concise suggestion, maintaining an expert tone with a maximum of 3 sentences and short 1 paragraph","Based on the data with a notably high total usage and an identified anomaly, I recommend conducting a detailed review to validate the anomaly's cause promptly. With a direct focus on the update anomaly concerning a substantial volume, prioritize efficient monitoring and verification to maintain data integrity and system accuracy, ensuring a reliable operational output."
"today_total_usage: 0.0, dod: -100.0, wow: nan, mom: 1064.3473386291862, qoq: nan, yoy: nan, current_usage_pattern: 1.9386497181831812, today_usage_anomaly: True, today_update_anomaly: update","Offer a direct and professional recommendation based on the provided data. Craft the output as a concise suggestion, maintaining an expert tone with a maximum of 3 sentences and short 1 paragraph","We recommend further evaluating the anomalous data with caution to maintain the integrity of the analysis. Consider cross-referencing the current usage pattern with historical data to enhance anomaly detection accuracy, ensuring that the ""update"" anomaly aligns with the established usage patterns and maintaining a meticulous approach to data interpretation."
"today_total_usage: 387.68900000000014, dod: 17.931800206850518, wow: nan, mom: 23.5787683330572, qoq: nan, yoy: nan, current_usage_pattern: 1.4691943127962086, today_usage_anomaly: True, today_update_anomaly: update","Offer a direct and professional recommendation based on the provided data. Craft the output as a concise suggestion, maintaining an expert tone with a maximum of 3 sentences and short 1 paragraph","Based on the data provided, I recommend further assessing the abnormality in today's total usage as it exceeds the expected pattern. With a notably high anomaly score of 1.47, considering an in-depth review of the consumption factors is advisable to maintain optimal system performance and resource efficiency."
"today_total_usage: 0.0, dod: -100.0, wow: nan, mom: nan, qoq: nan, yoy: nan, current_usage_pattern: 1.4691943127962086, today_usage_anomaly: True, today_update_anomaly: update","Offer a direct and professional recommendation based on the provided data. Craft the output as a concise suggestion, maintaining an expert tone with a maximum of 3 sentences and short 1 paragraph","Based on the data provided, I recommend addressing the anomalous negative trend with a direct action, maintaining the current usage pattern while adjusting the anomaly. To ensure accuracy, promptly update the anomaly with a strategic approach, leveraging the -100.0 dod for a balanced output and maintaining the professional standard with a concise short paragraph and an expert tone."
"today_total_usage: 667.9419999999998, dod: -9.565620037016336, wow: nan, mom: nan, qoq: nan, yoy: nan, current_usage_pattern: 1.4691943127962086, today_usage_anomaly: True, today_update_anomaly: update","Offer a direct and professional recommendation based on the provided data. Craft the output as a concise suggestion, maintaining an expert tone with a maximum of 3 sentences and short 1 paragraph","I recommend conducting a thorough review to leverage the detected anomaly with a -9.57 DoD to fine-tune the current usage pattern. Utilize the -9.57% deviation as a direct enhancement opportunity, ensuring the anomaly-informed update aligns with the offered data for maximum efficiency and output accuracy."
"today_total_usage: 1216.3870000000004, dod: 30.744814865771318, wow: nan, mom: nan, qoq: nan, yoy: nan, current_usage_pattern: 1.4691943127962086, today_usage_anomaly: True, today_update_anomaly: update","Offer a direct and professional recommendation based on the provided data. Craft the output as a concise suggestion, maintaining an expert tone with a maximum of 3 sentences and short 1 paragraph","Based on the provided data, I recommend investigating the anomalies in today's total usage and addressing the notable increase in the current usage pattern. With a specific focus on the anomalous total usage and the documented anomaly, a targeted review can optimize the output and align it with the typical consumption profile."
"today_total_usage: 263.63699999999983, dod: 11.762212208180856, wow: nan, mom: nan, qoq: nan, yoy: nan, current_usage_pattern: 1.4691943127962086, today_usage_anomaly: True, today_update_anomaly: update","Offer a direct and professional recommendation based on the provided data. Craft the output as a concise suggestion, maintaining an expert tone with a maximum of 3 sentences and short 1 paragraph","I recommend conducting a detailed review to correct the anomalous data with ""nan"" values, ensuring the accuracy and reliability of the output. As the current_usage_pattern indicates consistency, maintain vigilance for any future anomalies, supporting data integrity and informed decision-making with a direct and continuous monitoring plan."
"today_total_usage: 1904.6070000000016, dod: 11.271922316756331, wow: nan, mom: nan, qoq: nan, yoy: nan, current_usage_pattern: 1.4691943127962086, today_usage_anomaly: True, today_update_anomaly: update","Offer a direct and professional recommendation based on the provided data. Craft the output as a concise suggestion, maintaining an expert tone with a maximum of 3 sentences and short 1 paragraph","I recommend conducting a detailed review to validate the anomalous behavior in today's total usage. With a significant difference in dod and an identified anomaly, prioritize investigating the update anomaly to maintain data accuracy and uphold reliable insights."
"today_total_usage: 575.7739999999999, dod: 2.136483777695117, wow: nan, mom: nan, qoq: nan, yoy: nan, current_usage_pattern: 1.4691943127962086, today_usage_anomaly: True, today_update_anomaly: update","Offer a direct and professional recommendation based on the provided data. Craft the output as a concise suggestion, maintaining an expert tone with a maximum of 3 sentences and short 1 paragraph","Based on the data provided, I recommend addressing the detected anomaly with urgency to maintain the integrity of the output. With a direct focus on the 'update' aspect of the anomaly, take immediate action to rectify the irregularity, ensuring the reliability of the total usage calculations."
"today_total_usage: 665.799, dod: -0.4560072602336353, wow: nan, mom: nan, qoq: nan, yoy: nan, current_usage_pattern: 1.4691943127962086, today_usage_anomaly: True, today_update_anomaly: update","Offer a direct and professional recommendation based on the provided data. Craft the output as a concise suggestion, maintaining an expert tone with a maximum of 3 sentences and short 1 paragraph","I recommend conducting a detailed review to validate the anomalous behavior with today's total usage reaching 665.799. As the dod value indicates a slight decrease, consider exploring the root cause of the anomaly further to maintain accurate tracking, adjusting any related data if necessary for precise record-keeping."
"today_total_usage: 689.5139999999997, dod: 0.1196474466014958, wow: nan, mom: nan, qoq: nan, yoy: nan, current_usage_pattern: 1.4691943127962086, today_usage_anomaly: True, today_update_anomaly: update","Offer a direct and professional recommendation based on the provided data. Craft the output as a concise suggestion, maintaining an expert tone with a maximum of 3 sentences and short 1 paragraph","I recommend conducting a detailed review to validate the anomaly and ensure data integrity, as the NaN values can impact the analysis. With a precise assessment, maintain the current direct approach, and professional tone, securing the accuracy of the anomaly flag and the update suggestion."
"today_total_usage: 387.68900000000014, dod: 17.931800206850518, wow: nan, mom: nan, qoq: nan, yoy: nan, current_usage_pattern: 1.4691943127962086, today_usage_anomaly: True, today_update_anomaly: update","Offer a direct and professional recommendation based on the provided data. Craft the output as a concise suggestion, maintaining an expert tone with a maximum of 3 sentences and short 1 paragraph","Based on the provided data, I recommend conducting a detailed review to validate the anomalous total usage of 387.689 kWh today. With a significant dod of 17.93 kWh, maintaining a comprehensive anomaly detection protocol is essential to ensure data accuracy and uphold the integrity of the current usage pattern."
"today_total_usage: 647.3199999999997, dod: 0.559405579142523, wow: nan, mom: nan, qoq: nan, yoy: nan, current_usage_pattern: 1.4691943127962086, today_usage_anomaly: True, today_update_anomaly: update","Offer a direct and professional recommendation based on the provided data. Craft the output as a concise suggestion, maintaining an expert tone with a maximum of 3 sentences and short 1 paragraph","I recommend conducting a detailed review to assess the anomaly in today's usage accurately. With a direct focus on the 0.559 dod and the total consumption of 647.32, maintain vigilance on the anomalies' impact and swiftly address the missing data for a comprehensive analysis."
"today_total_usage: 602.9790000000004, dod: -0.6444330933117188, wow: nan, mom: nan, qoq: nan, yoy: nan, current_usage_pattern: 1.4691943127962086, today_usage_anomaly: True, today_update_anomaly: update","Offer a direct and professional recommendation based on the provided data. Craft the output as a concise suggestion, maintaining an expert tone with a maximum of 3 sentences and short 1 paragraph","Based on the data provided, I recommend conducting a thorough review to validate the anomalous total usage of 602.979 kWh. Investigate the -0.644 dod discrepancy promptly to ensure data integrity. With a consistent current usage pattern of 1.469 kWh, maintain vigilant monitoring for any potential anomalies and accurately track the consumption trends for precise analysis."
"today_total_usage: 707.8679999999989, dod: 0.9113653373248624, wow: nan, mom: nan, qoq: nan, yoy: nan, current_usage_pattern: 1.4691943127962086,today_usage_anomaly: True, today_update_anomaly: update","Offer a direct and professional recommendation based on the provided data. Craft the output as a concise suggestion, maintaining an expert tone with a maximum of 3 sentences and short 1 paragraph","Based on the provided data, I recommend addressing the detected anomaly with urgency. With a high total usage of 707.87 and a significant anomaly in today's usage pattern, leverage the anomaly flag to investigate and correct the issue effectively, ensuring the anomaly doesn't persist in the daily update."
"today_total_usage: 1047.051999999999, dod: -4.969477385311081, wow: nan, mom: nan, qoq: nan, yoy: nan, current_usage_pattern: 1.4691943127962086, today_usage_anomaly: True, today_update_anomaly: update","Offer a direct and professional recommendation based on the provided data. Craft the output as a concise suggestion, maintaining an expert tone with a maximum of 3 sentences and short 1 paragraph","I recommend conducting a detailed review to validate the anomalous behavior with the current usage pattern. As the data indicates -4.97% Day-Over-Day (DoD) change, your direct approach to implement an update is supported. Maintain a vigilant stance on the accuracy of the anomaly to make informed decisions and maximize operational output."
"today_total_usage: 600.1579999999998, dod: -0.6025213813937028, wow: nan, mom: nan, qoq: nan, yoy: nan, current_usage_pattern: 1.4691943127962086, today_usage_anomaly: True, today_update_anomaly: update","Offer a direct and professional recommendation based on the provided data. Craft the output as a concise suggestion, maintaining an expert tone with a maximum of 3 sentences and short 1 paragraph","I recommend initiating an immediate review of the anomalous data with a focus on the ""today_update_anomaly"" to ensure accuracy and integrity. With a consistent assessment, maintain a proactive stance to uphold the quality of the output, reflecting a reliable professional standard."
"today_total_usage: 458.3810000000002, dod: -3.593316872289507, wow: nan, mom: nan, qoq: nan, yoy: nan, current_usage_pattern: 1.4691943127962086, today_usage_anomaly: True, today_update_anomaly: update","Offer a direct and professional recommendation based on the provided data. Craft the output as a concise suggestion, maintaining an expert tone with a maximum of 3 sentences and short 1 paragraph","I recommend conducting a detailed review to validate the anomalous total usage of 458.38 for today, cross-referencing it with the -3.59 dod and the indicated anomaly in the current usage pattern. As you explore the anomaly, ensure to maintain the direct anomaly update, preserving the professional integrity of the data and its analyses."
"today_total_usage: 1011.4689999999996, dod: -1.3393484198205008, wow: nan, mom: nan, qoq: nan, yoy: nan, current_usage_pattern: 1.4691943127962086, today_usage_anomaly: True, today_update_anomaly: update","Offer a direct and professional recommendation based on the provided data. Craft the output as a concise suggestion, maintaining an expert tone with a maximum of 3 sentences and short 1 paragraph","I recommend conducting a detailed review of the anomaly identified in today's total usage to maintain data accuracy and integrity. With a precise focus on the anomaly's nature and the update requirement, direct the examination towards ensuring the anomaly's resolution and updating any related systems accordingly, safeguarding against potential data errors."
"today_total_usage: 502.02800000000025, dod: -21.07086089279277, wow: nan, mom: nan, qoq: nan, yoy: nan, current_usage_pattern: 1.4691943127962086, today_usage_anomaly: True, today_update_anomaly: update","Offer a direct and professional recommendation based on the provided data. Craft the output as a concise suggestion, maintaining an expert tone with a maximum of 3 sentences and short 1 paragraph","I recommend conducting a detailed review to leverage the anomalous data with today's total usage of 502.028 kWh. Utilize the -21.070 dod effectively in planning and maintain a strategic position, updating the anomaly pattern with caution and using the current usage pattern of 1.469 to direct future consumption efficiently."
"today_total_usage: 622.9170000000001, dod: -37.38696992967909, wow: nan, mom: nan, qoq: nan, yoy: nan, current_usage_pattern: 1.4691943127962086, today_usage_anomaly: True, today_update_anomaly: update","Offer a direct and professional recommendation based on the provided data. Craft the output as a concise suggestion, maintaining an expert tone with a maximum of 3 sentences and short 1 paragraph","Based on the data provided, I recommend further evaluating the anomalies in today's total usage of 622.917 and the direct negative impact on the Day-Over-Day (DOD) value. Maintain a vigilant focus on the current usage pattern of 1.469 to ensure accurate data tracking, suggesting a detailed review to align the total usage and anomalies with the set standards in your system."
"today_total_usage: 904.5659999999997, dod: -1.6109822194812522, wow: nan, mom: nan, qoq: nan, yoy: nan, current_usage_pattern: 1.4691943127962082, today_usage_anomaly: True, today_update_anomaly: update","Offer a direct and professional recommendation based on the provided data. Craft the output as a concise suggestion, maintaining an expert tone with a maximum of 3 sentences and short 1 paragraph","I recommend conducting a detailed review to validate the anomalous total usage of 904.565 kWh observed today. As the data suggests a negative deviation in the dod value, with NaN values in wow, mom, qoq, and yoy, ensure to cross-reference the current usage pattern of 1.469 kWh for accuracy, maintaining a vigilant monitoring approach with a focus on uncovering the anomalous update indicated for today."
"today_total_usage: 733.478, dod: 3.732502128453989, wow: nan, mom: nan, qoq: nan, yoy: nan, current_usage_pattern: 1.4691943127962082, today_usage_anomaly: True, today_update_anomaly: update","Offer a direct and professional recommendation based on the provided data. Craft the output as a concise suggestion, maintaining an expert tone with a maximum of 3 sentences and short 1 paragraph","I recommend further examination of the anomalous data with a focus on validating the integrity of the ""today_total_usage"" and ""current_usage_pattern."" Since anomalies can indicate underlying issues, a detailed review will ensure accurate decision-making, potentially revealing the true nature of the anomaly and its significance."
"today_total_usage: 3965.1820000000016, dod: -27.27651208850985, wow: nan, mom: nan, qoq: nan, yoy: nan, current_usage_pattern: 1.4691943127962082, today_usage_anomaly: True, today_update_anomaly: update","Offer a direct and professional recommendation based on the provided data. Craft the output as a concise suggestion, maintaining an expert tone with a maximum of 3 sentences and short 1 paragraph","I recommend further data analysis to leverage the anomalous ""today_total_usage"" of 3965.18 and the detected anomaly and update need. Maintain vigilance due to the negative DOD, integrating a comprehensive review for potential insights, and consider cross-referencing with external factors to ensure accurate adjustment and strategic decision-making."
"today_total_usage: 1235.8670000000002, dod: -5.487297532922337, wow: nan, mom: nan, qoq: nan, yoy: nan, current_usage_pattern: 1.4691943127962082, today_usage_anomaly: True, today_update_anomaly: update","Offer a direct and professional recommendation based on the provided data. Craft the output as a concise suggestion, maintaining an expert tone with a maximum of 3 sentences and short 1 paragraph","I recommend initiating a detailed review due to the detected anomaly in today's usage. With a significant total consumption of 1235.867 kWh and a deviation of -5.49 from the DOD, prioritize updating the anomaly with the current usage pattern to maintain precise monitoring and strategic decision-making."
"today_total_usage: 15171.522, dod: -2.373507870531306, wow: nan, mom: nan, qoq: nan, yoy: nan, current_usage_pattern: 1.4691943127962082, today_usage_anomaly: True, today_update_anomaly: update","Offer a direct and professional recommendation based on the provided data. Craft the output as a concise suggestion, maintaining an expert tone with a maximum of 3 sentences and short 1 paragraph","I recommend further analysis to leverage the anomalous data with a -2.37% DoD in today's total usage. Utilize the current usage pattern of 1.46 to strategize an update, capitalizing on the anomaly and maintaining the  nan WoW, MoM, QoQ, and YoY values for an optimized operational output."
"today_total_usage: 18707.411, dod: -9.00470298230085, wow: nan, mom: nan, qoq: nan, yoy: nan, current_usage_pattern: 1.4691943127962082, today_usage_anomaly: True, today_update_anomaly: update","Offer a direct and professional recommendation based on the provided data. Craft the output as a concise suggestion, maintaining an expert tone with a maximum of 3 sentences and short 1 paragraph","I recommend conducting a detailed review to validate the anomalous data with -9.00470298230085 dod on today's total usage of 18707.411. As NaN values exist for the wow, mom, qoq, and yoy, implement a precise anomaly detection check. Maintain a proactive approach, securing the accuracy of the current usage pattern and anomaly status for informed decision-making."
"today_total_usage: 276.4789999999998, dod: 18.572476230095127, wow: nan, mom: nan, qoq: nan, yoy: nan, current_usage_pattern: 1.4691943127962084, today_usage_anomaly: True, today_update_anomaly: update","Offer a direct and professional recommendation based on the provided data. Craft the output as a concise suggestion, maintaining an expert tone with a maximum of 3 sentences and short 1 paragraph","Based on the provided data, I recommend addressing the detected anomaly with urgency. Investigate the root cause of the 1.469 anomaly in today's usage pattern, maintaining the anomaly's true flag, and execute the update recommendation promptly to maximize operational efficiency and output accuracy."
"today_total_usage: 4058.9609999999993, dod: -3.689219993826064, wow: nan, mom: nan, qoq: nan, yoy: nan, current_usage_pattern: 1.4691943127962084, today_usage_anomaly: True, today_update_anomaly: update","Offer a direct and professional recommendation based on the provided data. Craft the output as a concise suggestion, maintaining an expert tone with a maximum of 3 sentences and short 1 paragraph","Based on the data provided, I recommend investigating the anomalies with caution, considering the total usage, dod, and the current usage pattern. With a marked anomaly in today's usage, maintain a detailed analysis to ensure accurate decision-making, especially regarding the identified anomaly needing an update."
"today_total_usage: 1828.1620000000007, dod: -11.650344209333438, wow: nan, mom: nan, qoq: nan, yoy: nan, current_usage_pattern: 1.4691943127962084, today_usage_anomaly: True, today_update_anomaly: update","Offer a direct and professional recommendation based on the provided data. Craft the output as a concise suggestion, maintaining an expert tone with a maximum of 3 sentences and short 1 paragraph","Based on the data provided, I recommend addressing the detected anomaly with a direct update to the current usage pattern. Maintain a careful monitoring process to track the 11.65 decrease from the DoD value for potential further adjustments, ensuring the anomaly resolution aligns with the anomaly's source and the overall operational efficiency."
"today_total_usage: 470.85100000000006, dod: 0.3153156032222491, wow: nan, mom: nan, qoq: nan, yoy: nan, current_usage_pattern: 1.4691943127962084, today_usage_anomaly: True, today_update_anomaly: update","Offer a direct and professional recommendation based on the provided data. Craft the output as a concise suggestion, maintaining an expert tone with a maximum of 3 sentences and short 1 paragraph","Based on the provided data, I recommend further analysis to leverage the high anomaly potential with today's total usage and the current usage pattern. Utilize the anomaly for possible efficiency improvements, maintaining a vigilant stance on the detected anomaly and the indicated update requirement, ensuring data accuracy and operational optimization."
"today_total_usage: 3784.744, dod: 36.059207193902715, wow: nan, mom: nan, qoq: nan, yoy: nan, current_usage_pattern: 1.4691943127962084, today_usage_anomaly: True, today_update_anomaly: update","Offer a direct and professional recommendation based on the provided data. Craft the output as a concise suggestion, maintaining an expert tone with a maximum of 3 sentences and short 1 paragraph","Based on the data provided, I recommend conducting a detailed review to validate the anomalies in ""today_total_usage"" and ""current_usage_pattern"" with the anomaly flag set to true. As part of the assessment, focus on the ""dod"" value, which significantly differs from the total usage, ensuring data accuracy and maintaining anomaly detection protocols."
"today_total_usage: 7.396, dod: 0.58064516129032262, wow: nan, mom: nan, qoq: nan, yoy: nan, current_usage_pattern: nan, today_update_anomaly: not_update","Offer a direct and professional recommendation based on the provided data. Craft the output as a concise suggestion, maintaining an expert tone with a maximum of 3 sentences and short 1 paragraph","I recommend conducting a comprehensive review to capture the missing data for ""wow,"" ""mom,"" ""qoq,"" and ""yoy"" to ensure a complete analysis. Additionally, develop the current_usage_pattern data for enhanced insights, maintaining the data accuracy and integrity with regular updates."
"today_total_usage: 28.283, dod: 0.58064516129032262, wow: nan, mom: nan, qoq: nan, yoy: nan, current_usage_pattern: nan, today_update_anomaly: not_update","Offer a direct and professional recommendation based on the provided data. Craft the output as a concise suggestion, maintaining an expert tone with a maximum of 3 sentences and short 1 paragraph","I recommend updating the direct comparison values like DoD, WoW, MoM, QoQ, and YoY for an in-depth analysis, enhancing the professional evaluation's depth with the current usage pattern data. By maintaining accurate records and ensuring systematic updates, you'll establish a more precise overview, leading to better-informed decisions based on reliable direct comparisons and usage patterns."
"today_total_usage: 449, dod: 0.58064516129032262, wow: nan, mom: nan, qoq: nan, yoy: nan, current_usage_pattern: nan, today_update_anomaly: not_update","Offer a direct and professional recommendation based on the provided data. Craft the output as a concise suggestion, maintaining an expert tone with a maximum of 3 sentences and short 1 paragraph","I recommend conducting a thorough review to ensure the data's integrity, addressing the missing values for WOW, MOM, QOQ, and YOY. By enhancing the current usage pattern detail and updating the anomaly status to ""not updated,"" you will maintain a reliable and informed analytical output."
"today_total_usage: 31.903, dod: 0.58064516129032262, wow: nan, mom: nan, qoq: nan, yoy: nan, current_usage_pattern: nan, today_update_anomaly: not_update","Offer a direct and professional recommendation based on the provided data. Craft the output as a concise suggestion, maintaining an expert tone with a maximum of 3 sentences and short 1 paragraph","Based on the provided data, I recommend an immediate review to include comprehensive updates, leveraging the direct comparison expertise. Implement an in-depth analysis, adjusting the current usage pattern while paying particular attention to the daily total and dod values for a well-rounded optimization based on the existing output and identified anomalies."
"today_total_usage: 8.478, dod: 0.58064516129032262, wow: nan, mom: nan, qoq: nan, yoy: nan, current_usage_pattern: nan, today_update_anomaly: not_update","Offer a direct and professional recommendation based on the provided data. Craft the output as a concise suggestion, maintaining an expert tone with a maximum of 3 sentences and short 1 paragraph","I recommend conducting a thorough review to add missing values for WoW, MoM, QoQ, and YoY comparisons, ensuring comprehensive data analysis. With a direct and consistent data update, you will enhance the current usage pattern information quality, allowing for more accurate decision-making based on the complete dataset."
"today_total_usage: 9.157, dod: 0.58064516129032262, wow: nan, mom: nan, qoq: nan, yoy: nan, current_usage_pattern: nan, today_update_anomaly: not_update","Offer a direct and professional recommendation based on the provided data. Craft the output as a concise suggestion, maintaining an expert tone with a maximum of 3 sentences and short 1 paragraph","I recommend initiating a thorough review to capitalize on the current data status. With NaN values in the WoW, MoM, QoQ, and YoY fields, leverage this gap by updating the information with precise figures or expert estimates, enabling better-informed decision-making. Craft a meticulous data-driven strategy, maintaining a professional standard with an anomaly-free approach and accurate insights."
"today_total_usage: 1.551, dod: 0.58064516129032262, wow: nan, mom: nan, qoq: nan, yoy: nan, current_usage_pattern: nan, today_update_anomaly: not_update","Offer a direct and professional recommendation based on the provided data. Craft the output as a concise suggestion, maintaining an expert tone with a maximum of 3 sentences and short 1 paragraph","I recommend conducting a detailed review to capture the missing data for WOW, MOM, QOQ, and YOY comparisons, ensuring comprehensive analytics. With a current usage pattern marked as ""nan,"" seize the opportunity to enhance the data depth by updating it and maintaining a meticulous approach to data tracking, which is vital for accurate performance assessments."
"today_total_usage: 9.87999999999999, dod: 0.58064516129032262, wow: nan, mom: nan, qoq: nan, yoy: nan, current_usage_pattern: nan, today_update_anomaly: not_update","Offer a direct and professional recommendation based on the provided data. Craft the output as a concise suggestion, maintaining an expert tone with a maximum of 3 sentences and short 1 paragraph","I recommend conducting a thorough review to ensure data accuracy, particularly for the ""wow,"" ""mom,"" ""qoq,"" and ""yoy"" fields showing as ""nan."" With a high usage pattern and a slight daily increase (dod: 0.58), consider enhancing the tracking precision and maintaining regular updates to leverage the observed consumption effectively."
"today_total_usage: 16.053, dod: 0.58064516129032262, wow: nan, mom: nan, qoq: nan, yoy: nan, current_usage_pattern: nan, today_update_anomaly: not_update","Offer a direct and professional recommendation based on the provided data. Craft the output as a concise suggestion, maintaining an expert tone with a maximum of 3 sentences and short 1 paragraph","I recommend initializing the output with a direct and professional imperative. Craft the content as a concise suggestion, maintaining an expert tone with a maximum of 3 sentences and short 1 paragraph."
"today_total_usage: 6.912, dod: 0.58064516129032262, wow: nan, mom: nan, qoq: nan, yoy: nan, current_usage_pattern: nan, today_update_anomaly: not_update","Offer a direct and professional recommendation based on the provided data. Craft the output as a concise suggestion, maintaining an expert tone with a maximum of 3 sentences and short 1 paragraph","I recommend conducting a thorough review to ensure data accuracy, particularly in the ""wow,"" ""mom,"" ""qoq,"" and ""yoy"" sections where values are missing. Additionally, consider refining the output by adding context to the current usage pattern and addressing the anomaly of the not updated data for a more comprehensive analysis."
"today_total_usage: nan, dod: nan, wow: nan, mom: nan, qoq: nan, yoy: nan, current_usage_pattern: nan, today_usage_anomaly: False, today_update_anomaly: not_update","Offer a direct and professional recommendation based on the provided data. Craft the output as a concise suggestion, maintaining an expert tone with a maximum of 3 sentences and short 1 paragraph","I recommend performing a detailed review of the data to correct the ""nan"" values for a precise analysis. Update the direct figures, like total usage and current patterns, to leverage the provided insights fully. Additionally, maintain a consistent monitoring schedule to promptly identify and address any anomalies, ensuring the highest data accuracy and strategic decision-making."
